{
  "configVersion": 1,
  "index": "/index.html",
  "assetGroups": [
    {
      "name": "app",
      "installMode": "prefetch",
      "updateMode": "prefetch",
      "urls": [
        "/favicon.ico",
        "/index.html",
        "/main.1f8e728195c793bb67a1.js",
        "/polyfills.c6871e56cb80756a5498.js",
        "/runtime.ec2944dd8b20ec099bf3.js",
        "/styles.222fbe5a6cda0ec40c79.css"
      ],
      "patterns": []
    },
    {
      "name": "assets",
      "installMode": "lazy",
      "updateMode": "prefetch",
      "urls": [
        "/assets/icons/icon-128x128.png",
        "/assets/icons/icon-144x144.png",
        "/assets/icons/icon-192x192.png",
        "/assets/icons/icon-36x36.png",
        "/assets/icons/icon-384x384.png",
        "/assets/icons/icon-48x48.png",
        "/assets/icons/icon-512x512.png",
        "/assets/icons/icon-57x57.png",
        "/assets/icons/icon-72x72.png",
        "/assets/icons/icon-96x96.png"
      ],
      "patterns": []
    }
  ],
  "dataGroups": [],
  "hashTable": {
    "/assets/icons/icon-128x128.png": "ac58846f9b9c146bbf95955cb349560cc6a0d30f",
    "/assets/icons/icon-144x144.png": "3037061494fe191ef4ef8147833460a81fc72e76",
    "/assets/icons/icon-192x192.png": "257851595c275850685b2118af6f356735c2bf26",
    "/assets/icons/icon-36x36.png": "4b0d1c8fe1bf0589bc257023c4545eb2541746ff",
    "/assets/icons/icon-384x384.png": "9f4b8a63f1db47b94b17edacc1dcc609e18652d5",
    "/assets/icons/icon-48x48.png": "85953a60212ef79ac5e733c9a266c7d6008d312f",
    "/assets/icons/icon-512x512.png": "1b584a2ddd3a24727e4804417e95dd741d7ee2b8",
    "/assets/icons/icon-57x57.png": "baf591a2ff26222418df923efdef59a0d071d3bb",
    "/assets/icons/icon-72x72.png": "44153a1d486d88884396a764c3358c7032bbb667",
    "/assets/icons/icon-96x96.png": "ece942a758e8d00bf19cfb492620165e08b2a332",
    "/favicon.ico": "a1d95cc08830d0b334248630fd4c92e78b4e1746",
    "/index.html": "20bf2993aa712b310c7e7cb76f203ee224fa867f",
    "/main.1f8e728195c793bb67a1.js": "f8d598cf4987025507c20f55dc390486c0495e66",
    "/polyfills.c6871e56cb80756a5498.js": "ce68d153e9b9b6d26b625069c0ee99ae09c6f255",
    "/runtime.ec2944dd8b20ec099bf3.js": "b62956c2192bfe5516d6374e753773901ed50ec5",
    "/styles.222fbe5a6cda0ec40c79.css": "0b5acecdaef0613871a26a569597141e3073006f"
  },
  "navigationUrls": [
    {
      "positive": true,
      "regex": "^\\/.*$"
    },
    {
      "positive": false,
      "regex": "^\\/(?:.+\\/)?[^/]*\\.[^/]*$"
    },
    {
      "positive": false,
      "regex": "^\\/(?:.+\\/)?[^/]*__[^/]*$"
    },
    {
      "positive": false,
      "regex": "^\\/(?:.+\\/)?[^/]*__[^/]*\\/.*$"
    }
  ]
}